rating,likes,response,rating_label,cleaned_snippet
3.0,88,,negative,review decide edit response current opinion game great graphic stunning story nice long excessive make feel like chore end game get reward struggle farming upgrade character hassle resin energy cap upgrade cost energy lower game good time consume
3.0,35,,negative,fun wish fighting quest bunch talk run come quest want leave game bring potential awesome battle turn dialogue skip lot potential leave ability skip dialogue
3.0,11,,negative,fun game enjoy story ton ton content clear bored pick problem long time character rerun year character available kill enjoyment lot people able favorite
5.0,77,,positive,game phenomenal art style scenery stunning yes game long fun take journey give memory worth remember combat fun devs work storage control have issue game size ignore hateful spam review bot people try ruin joy
2.0,14,,negative,love game incredibly laggy point unplayable graphic low setting include fps manage crash storage lot point genshin barely make dent wifi run smoothly app fix optimize well mobile player
3.0,99,,negative,obsess game play month boring repetitive gameplay get developer care player feedback pick choose feedback use incorporate quality life change speak take year implement qol change request year shame genshin impact dev team need well
5.0,65,,positive,highly recommend play game year impressed mechanic captivate storyline constant update game interesting ensure player stay engaged lore impressive graphic great gameplay absolutely awesome cutscene especially update impressed reccomende friend enjoy play game till day
4.0,29,,positive,hello absolutely love game incredible graphic ton fun play lately try open say game bug kick loading screen say developer need fix issue game open fix issue love game look forward play end day thank
4.0,64,,positive,play game january real complaint style nice fan service character interesting way soooooo go to add game make boring old phone samsung galaxy run smoothly glitch bad pc pc run bit life explode play game
1.0,14,,negative,unintereste character uninteresting dialog story potential tell year game story complete relese get boring quickly usually open world adventure game find explore gorgeous open world hour engross story enjoy write character game deliver thing
4.0,110,,positive,amazing game beautiful character design amazing say recent issue game crashing think crash crash wander middle dialog right complete domain force redo compatibility mode run smooth help crash
5.0,644,"{'title': 'COGNOSPHERE PTE. LTD.', 'snippet': 'Thank you for supporting Genshin Impact, Traveler! If you have any issues with your game experience, please send us an email or contact Customer Service for help via in-game feedback.', 'date': 'November 28, 2023', 'iso_date': '2023-11-28T11:35:08Z'}",positive,love game couple issue take sooooo space phone hard character storyline one amazing game definitely recommend edit ok get new character friend teach use wish system hehe get geo archon quest fontaine beautiful city wait new update thing mobile glitchy understand
5.0,665,,positive,initially star review long review anymore good faith love art style game music amazing world beautiful month ago finish main story new patch update drop main story finish quickly character story quest game get stagnet thing ask hsr instead personally annoying love
5.0,432,,positive,mobile phone game play start play honestly fun game long time glad get support external storage device allow external memory stick insert thr game optimize feature graphic section game option menu analyze device automatically adjust game run smoothly possible say device nice
3.0,212,,negative,play sep game beautiful love different nation character design undtrack tier enjoy world exploration puzzle battle difficult leave review current state game leave pretty disappointed frustrated late game content dull monotonous tedious call reward insulting measly plain stingy gatcha game well
5.0,412,,positive,awesome game main story quest extremely write immersive country design enjoyable puzzle unlock reward elemental fighting system unique fun exception character beautifully design fairly easy resource obtain highly recommend
5.0,337,,positive,game long certain quest like rollercoaster high lot quest low hard get high level definitely cost money want wish character special weapon purchase special item use lot memory get sluggish memory later build character correctly difficult time repetitive farming battle
5.0,1301,,positive,play game year little release pretty fun like aspect game like lore gameplay character overtime feel like event story get boring repetitive especially recently get disappoint new character design like emilie natlan character sethos feel special old one end game experience great
3.0,11,,negative,feel like game lot fun use eat battery storage wifi load lot time understand big game need lot resource function crash single time ridiculous time actually able play amazing seriously think give genshin
4.0,434,,positive,lot massive open world variety character elemental power multiple weapon include mage long term game downside insanely difficult artifact equip character stat look plus single run farm different type artifact instead make hard spend lot resin energy barely exactly want build single character developer improve
1.0,1282,,negative,like game early game story fun like old character ton issue player continue bring fall deaf ear later game play scale exp random bad guy run map world level increase difficult level character later gameplay random bug thing refuse fix needle will download
3.0,14,,negative,star dock personal opinion people review address poor recent character design slow story wish option let pick commission want reach max reputation nation annoying try certain one unlock sort storyline achievement cool interact commission board pick
4.0,0,,positive,pretty good game good graphic cool design character nice storyline voice act freely explore game high ar get boring try like permanent mini game great game
3.0,256,,negative,great game enjoy lot try come love explore accomplish quest come exploring thing notice recently completely change thought game experience try sign tend laggy crash time thing want point fact not fun update attention game
5.0,170,,positive,genshin impact visually satisfying beautiful game control simple cross platform experience seamless play console home laptop travel pick leave phone spend dime want story immersive evolve new character adventure constantly add impressed aspect genshin impact recommend
4.0,115,,positive,love genshin character story exploration fun resin cap annoying ftp make build character time long hard sice genshin big make hard storage issue get bad delete past datum genshin beautiful game fix lot issue yay hate storge
2.0,41,"{'title': 'COGNOSPHERE PTE. LTD.', 'snippet': 'Hello Traveler! Please go to the official Genshin Impact website to refer to information on system requirements for a more stable and smooth gaming experience. Meanwhile, to further locate the cause of the issue, please contact the Customer Service team via the in-game feedback channel or email.', 'date': 'October 24, 2022', 'iso_date': '2022-10-24T12:53:15Z'}",negative,strong mobile android fps lag overlaps move hear audio get severe aggravating deal play time turn completely unplayable edit review new update natlan game take minute load cutscene walk inch crash game entirely low graphic setting issue update
5.0,1280,,positive,see add youtuber sponsor yard tell day play game actually pretty good definitely fill need upgrade slowly strong equipment character mistake have high level enemy possibly fight near beginning common mistake game ease slowly introduce game mechanic hook
1.0,1348,,negative,gameplay play great character neat open world exploration fun force sit second dialogue frustrating interesting like able skip dialogue have sit lastly make easy level exist character constellation wish great new character will use hard level exist character
3.0,75,,negative,great game aspect terrible term imagine breath wild well graphic well lore storyline arguably well character world design character remotely challenge game spiral abyss complete story game rinse repeat daily day resin grind event terrible feel like mini game game barely utilize character
3.0,27,,negative,great character storyline task honestly game need permanent feature like windteace offer fun actually game daily grind stuff farming questing boring progress character game hoyo permanent friendly competition game waiting game event come
5.0,94,,positive,play half year assure good pretty fun game type game play minute go to spend hour notice long figure thing need bit googling plentiful guide advice lot story dialogue mood appreciate skip button enjoy
5.0,82,,positive,start couple year ago feel like breath wild clone huge world climbing gliding good fast reactive control fun combat impressed free keep increase size world enhance ui add story add cool character new ability reason explore story voice act actually good start damn good get well free amazing
5.0,167,,positive,absolutely love game graphic story exploration character fun good variety mechanic use find fun building character problem nice reroll option artifact sub stat artifact farming well primogem reward currency weapon character wish event chest bit reward
5.0,57,,positive,love play genshin phone currently open game play shut loading screen show hoyoverse screen immediately shut phone say s bug will let open game developer fix bug samsung galaxy gb pretty sure wrong phone try delete redownloade work
5.0,264,,positive,story line combat quest scenery exploration truly amazing way get bored play thing game notice archon quest character voice line make story boring wish possible way actually play traveler like event overall amazing game
5.0,49,,positive,wonderful experience virtual reality real life love game awesome gameplay storyline character lot good play friend new friend event wild like dendro archon event wish event like bad quest hard new player like unable co op month
5.0,11,,positive,beginner genshin impact rlly rlly fascinating breath taking adventure graphic rlly smooth apart advantage game take lot space gb lot theory item need understand properly difficult play game rule knowledge power make sense overall star error problem bonus character design humor story strike
5.0,115,,positive,love game quest interesting lot interesting caracter issue firstly take lot space secondly take lot time loading recently dialogue caracter mute exept paimon solve issue nice reward like honkai star rail recomend game start play game go quit
3.0,5,,negative,game beautiful devs lower draw distance explore low resolution polygon place holder right object building look like toy block mountain look like belong game grass tree rock pop map disappointing compare play version galaxy ultra
5.0,78,,positive,love game especially experience explore new territory meet expectation player climb expectation treasure chest teleportation feel satisfying beautiful scenery pattern game feel consistent downside quest bug action button character disappear
4.0,97,,positive,like genshin impact storyline amazing love character design different play style rate star unfortunately lot character mute silence feel loud quest voice character feel right eng voice actor
1.0,13,,negative,game randomly decide turn datum gameplay sure explain playtime data connection suddenly claim service pull game home screen signal happen open game live place datum signal strong possible wifi fine datum problem
5.0,83,,positive,game big flaw long take character pr weapon rerun resin respawn rate have character aside game amazing storyline enjoyable character different story quest event incredible music super fun gameplay mechanic world building astonishing scenery overall tell effort love passion experience real journey enjoy
4.0,19,,positive,game great story lot quest end game content hard play phone know character icon r small make hard press hit enemy joystick reset thumb tell thumb play year pro great story quest con end game hard play icon r small joystick thumb
3.0,10,,negative,overall fun game good story arc good character world design interesting combat system elemental reaction easy spend month theory craft team composition skill battle system rate higher not provide game feature android certain option like controller support available io android
3.0,3,,negative,game amazing fact character voice like kinich ruin gaming experience feel like complete archon quest alot dialogue begin weird ruin game like lore love genshin
4.0,89,,positive,game overall fine suck skip dialogue sit storage take ridiculous kind understandable wait version come usually fun recent banner end hour new banner come limit suck sense go different ascension material come different day well reward
2.0,31,,negative,gacha game bad play year phone pc glaring issue take space pc phone early game content pretty good fall drastically month get repetitive quickly lot fetch quest game treat like story constantly repeat dialogue paimon get lot bad time let think
4.0,14,,positive,graphic great gameplay fun scenery breathtake beautiful star major problem game story waaaayyyyyyyyyyy talk yap yap yap yap yap not skip conversation take minute minute yap non annoying voice paimon not skip well watch anime movie click need skip button
4.0,22,,positive,new player incredible frustrating experience exploration character lore craft stand similar game archon quest memorable exciting flaw writing downside experience banner system change age ago main problem increase number character game make impossible accommodate rerun effectively
5.0,31,,positive,play long ad freedom play lost energy play choose love need play people strong feel need want bad m learn game remind minecraft soo well art design detail lot reading travel great random fighting random thing busy
4.0,0,,positive,game pretty good gameplay smooth story amazing good bug enter game second game crash kick try fix problem long time luck
2.0,34,,negative,game amazing today morning problem game work launch normally logo appear kick application time get notification game bug devs need fix friend problem play game fix problem uninstalle reinstall reset device check storage connection work
4.0,4,,positive,love game problem voice act recent event nahida voice hate love voice hope hoyoverse fix problem studio vas try use ai hate let studio use bad ai voice make mad fix en vas
1.0,258,"{'title': 'COGNOSPHERE PTE. LTD.', 'snippet': 'We sincerely apologize for your unsatisfactory experience, Traveler. If you have any feedback or suggestions, please send us an email or contact Customer Service via in-game feedback to help us improve the game.', 'date': 'October 21, 2024', 'iso_date': '2024-10-21T10:32:10Z'}",negative,game good yes reason lack lot vital feature domain pain good artifict significantly impact gameplay make game play feel like chore fun like start feature skip domain gameplay play time like cook mechanic standard banner need update rework
5.0,8,,positive,amazing game love character storyline graphic stunning explore new region feel like enter different world look forward update especially new character quest suggestion great translator chat box communicate player country co op challenging translator team easy
5.0,71,,positive,genshin deserve star review great game nice quality character design story quest wonderful main story quest world quest annoying sit uninteresting dialogue end day perfectly fine need bit patience fit lot play style find like game m mark short game
2.0,4,,negative,bad game hard play mobile android game provide controller support game thing ios platform release wild absurd use controller game literally platform android party interference
3.0,5,,negative,fine like story character easy burn game bp welkin little difference resource scarcity make grind way make easy domain horrible roll good artefact rate bad star character want end spend upwards character want dumb like spend money game
4.0,15,,positive,honestly download yesterday love like like watch anime play time usually game story line make read lot wanna read read fav webton instead skip lot audio love thing like far character bit slow make run drain stamina quickly oh take lot space like gb lot
1.0,254,"{'title': 'COGNOSPHERE PTE. LTD.', 'snippet': 'We sincerely apologize for your unsatisfactory experience, Traveler. If you have any feedback or suggestions, please send us an email or contact Customer Service via in-game feedback to help us improve the game.', 'date': 'November 07, 2024', 'iso_date': '2024-11-07T09:55:01Z'}",negative,game story graphic good control suck d pad movable button adjust atleast place screen unintentionally action especially d pad low screen touch character automatically move forward fix control button d pad adjustable
5.0,23,,positive,great game grind character leveling repetitive weekly domain difficult improve character premium currency primogem difficult come past qol issue beautiful rpg fun gameplay excellent storyline notch wait new area patch
3.0,3,,negative,great game good quality world building world exploration vast find hard obtain reward extensive grind primogem skip button annoying honestly
5.0,20,,positive,year play daily good live service game nowadays up down genshin amazing piece art especially music game novel adventure lot exploration puzzle constant event different minigame love
4.0,7,,positive,want play game long time finally find compatible device play amazing think maybe suggestion ticket system wish new banner player constellation certain character character appear character turn ticket correspond star star collect ticket exchange character old banner hope help
5.0,6,,positive,good game play mobile pc game good ost music scenery landscape storyline character design thing truly masterpiece issue devs provide game currency pull upcomme banner free pulla worth major update nice major issue bit problematic love game
1.0,18,,negative,pointless play play game coupon go uninstall play pc exclusively game worth keep phone real space countless line event exclusive non repeatable dialogue reach endgame story meander filler character introduce bc gacha system limit story potential fan
4.0,0,,positive,take huge ish year gap fontaine get release lot enjoyable play reason like character power design etc area farming artifact system suck reason like ugh natlan character release include emily pretty eh new main story style save people hate lot maybe natlan ugly
1.0,37,"{'title': 'COGNOSPHERE PTE. LTD.', 'snippet': 'We sincerely apologize for this issue, Traveler. Please send us an email or contact Customer Service via in-game feedback for specific help with this issue.', 'date': 'October 21, 2024', 'iso_date': '2024-10-21T09:36:37Z'}",negative,game fun run phone story great complain star control onscreen control absolutely terrible ios controller support android mention number time accidentally click character ultimate try jump change camera angle close add controller support android year game launch ff
4.0,34,"{'title': 'COGNOSPHERE PTE. LTD.', 'snippet': 'We sincerely apologize for your unsatisfactory experience, Traveler. If you have any feedback or suggestions, please send us an email or contact Customer Service via in-game feedback to help us improve the game.', 'date': 'October 22, 2024', 'iso_date': '2024-10-22T03:42:14Z'}",positive,improve experience little game setting take break fight game aesthetic worth time spend game story devs put guess rush head game loose perspective escape need game thank game hoyoverse
1.0,107,"{'title': 'COGNOSPHERE PTE. LTD.', 'snippet': 'We sincerely apologize for this issue, Traveler. Please send us an email or contact Customer Service via in-game feedback for specific help with this issue.', 'date': 'November 09, 2024', 'iso_date': '2024-11-09T17:55:59Z'}",negative,great game play year get tired major improvement term qol entire game generally artifact system change story dialogue take time voice go gacha improve limited weapon banner get original form bad play game excited lot restriction deceive audience
5.0,25,,positive,fun adventure game play year easy ascent character need work hard get lucky strong character weapon artifek player spend lot primogen intertwine fate strong gold weapon overall game fun developer add mark sign lose forget farming
5.0,27,,positive,good action adventure game aver play smartphone update good graphic heart touch character design game start journey journey feel like main character game story development character development visual gameplay game awesome love play game future
3.0,14,,negative,game fun get boring progress reward suck game want pull new character reward good take hour pull love character design like say impossible pull character spend money
1.0,0,,negative,fix dumb bug primogem old achievement old commission quest like tale winter achieve tell geo travel diary geo archon anecdotes liyue finish dumb achievement unknown reason time
4.0,2,,positive,scamtifye elixir twin mc kid prefer grow version npc copy paste look slight difference lack detail design look boring game good job detail combat experience good game rely elemental reaction dodge mechanic boring sprint well slow real dodge animation
1.0,116,"{'title': 'COGNOSPHERE PTE. LTD.', 'snippet': 'We sincerely apologize for your unsatisfactory experience, Traveler. If you have any feedback or suggestions, please send us an email or contact Customer Service via in-game feedback to help us improve the game.', 'date': 'October 22, 2024', 'iso_date': '2024-10-22T03:11:42Z'}",negative,game actually good problem phone wait like hour instal update etc sleep instal shade wake instal finally good laggy phone new old stop play genshin impact come download update shade get annoying worth wait waste gb game
2.0,7,,negative,hard good rating thing worth play genshin impact story story like inazuma bad music rest experience gameplay level character talent artifact exploration quality life fix worth watch youtube story listen spotify music
3.0,4,,negative,ve play game year damage text bug grass not ice dvalin signora boss fix m sure phone problem hoyo update tell situation abt bug state cos denial woukd great length able damage mobile screen
5.0,137,,positive,good game play year actually unbelievable lil addicting quest r boring new update genshin definitely get well love new character star def storage lil player maybe fix issue wifi rlly bad game require good wifi issue face great game love hooked
3.0,9,,negative,game fine honestly standard banner stuff player pull banner actually want standard character random useless character understand luck bad lose high pity like hopefully change system like go to player lose
3.0,11,,negative,game interesting storyline boring make frustrating play hard farm take time start char build thing like game character graphic literally play character time build
4.0,0,,positive,happy game reward thing end game challenging fun right build teapot want like lake lake glitch kinda annoying hope hoyoverse option create lake water foundation helpful thank
5.0,21,,positive,beautiful game glad instal galaxy run beautifully grow playing game like legend zelda love art style enormous open world explore music voice act perfect story complex interesting fan hoyoverse hope finally able enjoy timeless work art favorite dev team
5.0,940,,positive,thank genshin give unforgettable gaming experience love graphic character design story theme music ethereal scenery late story escape night kingdom experience horrible lag plus time limit reach wind current aware poor device likely problem grateful expand time limit stick forever
5.0,20,,positive,true perfection storyline gameplay gatcha perfect start play know addicting favorite game thing place love collect character get love storyline stimulation game get fighting yep wait play
3.0,6,,negative,play long time like change device oppo have problem run month crash lag d restart game month black mid cutscene kick game game start cutscene kick
5.0,240,,positive,amazing lore nice gameplay unique character cool design beautiful fantasy world inspire real life region noticable accurately represent culture limitation skintone thing like mention genshin fail story telling tell deviate main plotline traveller search twin aspect overall great game
5.0,607,,positive,star play android start play covid great time feel pressured purchase explore fun puzzle challenging boring people play meta grind lot lot fun story interesting boring skip dialogue thing stop star game lack racial diversity lack reward quest irl event
2.0,3179,"{'title': 'COGNOSPHERE PTE. LTD.', 'snippet': ""We'd like to thank all Travelers for your continued support and love of Genshin Impact! We will continue to provide you with more high-quality game content. If Travelers encounter problems during their adventures, please don't hesitate to contact us via the in-game feedback channel. Your gaming experience and suggestions are always important to us."", 'date': 'July 25, 2024', 'iso_date': '2024-07-25T03:24:29Z'}",negative,game force sit extremely long boring slow loading dialogue hour option skip despite people ask option year issue limit world quest go event matter ask listen user update increase rating star cause make positive change add reward hope improve
5.0,434,,positive,soundtrack graphic scenery wonderfull like main story lot character design cool wish diversity definelly good thing region character mission characteristic sorry english mistake simulanka permanent event
4.0,136,,positive,tw hk mo server despite have good connection experience minor laggy garble storyline introduction play like fix get point intro choose character lag disappear oh upgrade new phone solve issue believe issue game network provider indosat game capable provide hour fun vibrant bright world character collection cool
5.0,675,,positive,genshin impact incredible game gripping story breathtake graphic notch animation open world huge location beautifully design explore different area exciting place feel special craft combination world building visual pull game blend art story exploration perfectly make fantastic experience start finish
5.0,381,,positive,amazing character design game play idea event frustrating quest description help especially pause quest clue maybe quest description bit helpful great game wait future update
1.0,4532,"{'title': 'COGNOSPHERE PTE. LTD.', 'snippet': 'We sincerely apologize for this issue, Traveler. Please send us an email or contact Customer Service via in-game feedback for specific help with this issue.', 'date': 'November 13, 2024', 'iso_date': '2024-11-13T08:04:40Z'}",negative,exploration good character weapon excellent animation excellent audio music excellent enjoy properly fix year constantly fix veiw combat exploration reason seizure eye problem play game touchscreen bad experience lack customizable key layout qol joke
5.0,10,,positive,game good story line great graphic please play week game state lag badly ui unresponsive fps drop game graphic intensive game work fine medium high graphic setting oneplus t uninstallate
5.0,0,,positive,hey guy great benevolent summon system character amazing world fun explore right character story interesting easy save character want thank event like paimon adorable guy
2.0,1,,negative,game good update good problem character rerun year play tartaglia like play style fact join update well get rerun actually feel bad play play year think go to quit atp tired redownloade game
5.0,42,,positive,good graphic mobile game par pc version interesting lore story main reason play game yeah mid quest overall character need save primogem able character want pity system okay artifact system rng kinda bad require lot grind guarantee good
1.0,68,,negative,sit hour dialogue care listen replay game dozen time annoying wish feature skip story cutscene play game good game slowly end get hard hard find resourse lot game literally grind hour
1.0,106,,negative,game great graphic issue frustrating skip button cutscene skip long dull waste time wait tap mission mission hard progress main story mission list cluttered mission unskippable cutscene add frustration hope developer address issue repetitive annoying
2.0,7,,negative,game usually great recent update enjoyable lack english language voiceover especially annoying character speak make experience disjointed make want play issue resolve
5.0,4,,positive,start release love graphic character design current update weapon banner well low cost music region different good music story builded skip story value story kinda disappointing community value story low btw add skip button like people say people different taste pls commission
5.0,1,,positive,overhated game huge world ton quest stunning visual goate plot especially fontain archon quest story good character building good game remind sao game good apart fan weird
3.0,0,,negative,start go relatively ping horrible asia server change hk server recently release ping get point participate co op event have getting kick say asia hk server try test online game medium check problem router grateful get resolve
5.0,8,,positive,game animation fight scene detail nation amazing ton character play team play friend story interesting twist turn emotional roll coaster nation play game day love game
3.0,2,,negative,game amazing love main story free roam game problem play laptop game constantly crash game will let login annoying try restart laptop fix game try reinstall work
4.0,0,,positive,storyline awesome love play stop dialogue long skip especially event quest conversation unnecessary boring game large phone game well pc console
3.0,1,,negative,rate star issue need fix like try login account say request try later contact genshin support think hope fix soon possible badly miss account
5.0,0,,positive,love game unconditionally player friendly map beautiful story line amazing think star game disappointing great love plan good game etc badluck people bad review devs try satisfy guy play game matter give lovely game thankyou hoyoberse muahahahaeauheurys
4.0,2,"{'title': 'COGNOSPHERE PTE. LTD.', 'snippet': 'We sincerely apologize for your unsatisfactory experience, Traveler. If you have any feedback or suggestions, please send us an email or contact Customer Service via in-game feedback to help us improve the game.', 'date': 'March 13, 2023', 'iso_date': '2023-03-13T10:31:44Z'}",positive,anniversary weapon banner pitt radiance pity system free look like deserve long time update rating hope reward future rating improvement reduce weapon pity good anniversary elixir cost need easy obtain
5.0,0,,positive,fun play know new player funn u guy download try explore vast world quest good graphic good story line long play want overall game fun like play game
5.0,0,,positive,game get unreasonable hate people play highly recommend game amazing year play bulkier phone crash lag happen low graphic setting character story worth
3.0,10,,negative,love game take way storage like gb way mobile game device dedicate genshin genshin way hell damn world app like sorry ridiculous gb gb lot mobile game let story great character art get boring quest explore gacha good tho
1.0,29,"{'title': 'COGNOSPHERE PTE. LTD.', 'snippet': 'We sincerely apologize for your unsatisfactory experience, Traveler. If you have any feedback or suggestions, please send us an email or contact Customer Service via in-game feedback to help us improve the game.', 'date': 'October 22, 2024', 'iso_date': '2024-10-22T03:52:24Z'}",negative,controller support android year feedback give fall deaf ear severe lack qol feature consider game age proper endgame content artifact loadout custom domain creator perfect endgame content alas temporary usual game good tone deaf company actually use money improve dollar company people
5.0,1,,positive,amazing game superb story line gameplay great mobile need decent phone run see comment game crash etc plus run game like dream
1.0,269,"{'title': 'COGNOSPHERE PTE. LTD.', 'snippet': 'We sincerely apologize for your unsatisfactory experience, Traveler. If you have any feedback or suggestions, please send us an email or contact Customer Service via in-game feedback to help us improve the game.', 'date': 'November 07, 2024', 'iso_date': '2024-11-07T09:23:59Z'}",negative,alright game thing delete app tell sorry space game download people s point have app store certain device maybe fix game space especially phone
2.0,1,,negative,bug cause game work delete app datum cache datum pop say try update game developer fix happen friend play game normally
4.0,1,,positive,enjoy game like week leave day entire save wipe reset beginning end download work fine far
4.0,0,,positive,great game button malfunction somethime example matter long hard hold attack button mobile not heavy attack problem arlecchino weekly boss button move force play uncomfortably year
2.0,19,,negative,game slow fun reach adventure rank character building reach curtain point game endless mode endgame hopefully skip button dialogue slow
4.0,0,,positive,amazing keep kick game try jade chamber grab paper snow go checkpoint unlock leave game go game checkpoint save try jade chamber
5.0,0,,positive,play genshin year like quest help understand concept game character design amazing player mad design hope star
4.0,0,,positive,incredible game amazing charachter story exploration combat problem ungodly amount storage take like gb insane gatcha absolute scam
4.0,7,,positive,star lack controller support android change play lack controller support stop play bored play controller hope guy consider add soon
5.0,0,,positive,favourite game far play game hour game graphic dam good like character pretty good event good rule understand matter support genshin impact
4.0,17,"{'title': 'COGNOSPHERE PTE. LTD.', 'snippet': 'We sincerely apologize for this issue, Traveler. Please send us an email or contact Customer Service via in-game feedback for specific help with this issue.', 'date': 'August 23, 2024', 'iso_date': '2024-08-23T22:50:00Z'}",positive,ping bad edit maybe bad connection ping lag lag game crash cutscene music dialogue choppy point wher decide turn volume completely contact month ago surprisingly fix issue thou contact network provdr game run smoothly stll lag smtime
5.0,0,,positive,genshin impact fun game lot place amazing new hero high quality graphic breathtake story genshin online game play people like friend sibling need defeat villain save sister brother meet new hero upgrade hero collect resource map download genshin impact know fascinating story untold
2.0,3,"{'title': 'COGNOSPHERE PTE. LTD.', 'snippet': 'Hello Traveler! Please go to the official Genshin Impact website to refer to information on system requirements for a more stable and smooth gaming experience. Meanwhile, to further locate the cause of the issue, please contact the Customer Service team via the in-game feedback channel or email.', 'date': 'November 02, 2022', 'iso_date': '2022-11-02T12:34:17Z'}",negative,game heavy low end device will able play anymore edit update get lot slow strong device unable enjoy game request developer think size game
4.0,0,,positive,graphic pretty good like story lore great guy star character interaction respective nation like star outside mc showcase power pretty boring compare wuwa
5.0,2,,positive,far good game play lore fantastic character design look cool graphic great storyline amazing consider mainly play game truly good hand hoyoverse fantastic job genshin impact edit finally take space thank u mihoyo
5.0,3,,positive,love genshin favorite game graphic amazing character love detail character outfit quest highly recommend play amazing game hu tao pretty new skin
3.0,1,,negative,event need replayable en va strike leave previous event voiceless unable enjoy say content native language strike end content replayable strike end seek new vas
1.0,42,"{'title': 'COGNOSPHERE PTE. LTD.', 'snippet': 'We sincerely apologize for this issue, Traveler. Please send us an email or contact Customer Service via in-game feedback for specific help with this issue.', 'date': 'October 21, 2024', 'iso_date': '2024-10-21T09:35:10Z'}",negative,say bad game dialogue skip take long cutscene game mean involve player actually play game read listen dialogue time quest make fight have actual interaction have dialogue great time people tap cause boring long dialogue dev listen player worth anymore
5.0,18,,positive,play game year azame ost battle theme lore character design unique playstyle open world like explain word like real experience feel game hat developer great work art present lot effort game exciting journey future thank
5.0,1,,positive,see game try finally play gamer fond open world rpg game game truly good open world experience mobile device game look damn beautiful great job impressed definitely recommend play give try mean miss great thank work hard create masterpiece
4.0,0,,positive,love game far like option automatically clear new character stuff like gameplay tho story bit competitive requirement mission theirs alot fun stuff non competitive hope u gacha currency mission
5.0,0,,positive,love game afraid hacker ruin account wanna suggest obtain star weapon player able use weapon use upgrade weapon dispose hacker account ruin account
5.0,0,,positive,play game good game low end device try install low ram device harmful device like art style explore open world collect charecter story quest etc way have fun
2.0,5,,negative,eversince new update ve get frequent crash recently samsung gb ram like sudden movement fight enemy thing freeze crash freeze frame random second character not move include open menu lower graphic experiment suitable
2.0,3,,negative,game story wise good boring old player abyss easy new end game mode ok complete quest daily routine open game boring commission use resin close game go to uninstall soon
2.0,0,,negative,want add controller game separate company apple product provide android controller player play android calculate ratio download platform hardly difficult compatibility android launch android controller
1.0,36,"{'title': 'COGNOSPHERE PTE. LTD.', 'snippet': 'We sincerely apologize for this issue, Traveler. Please send us an email or contact Customer Service via in-game feedback for specific help with this issue.', 'date': 'November 09, 2024', 'iso_date': '2024-11-09T17:47:03Z'}",negative,skip button absurd point character talk talk talk interesting take time say way short sentence game get nerve
5.0,0,,positive,find come game play m pretty veteran player love story line combat wish hoyo diverse come skin color character
2.0,0,,negative,awesome mind low game reward odd fandom huge problem include co op teapot currently phone build teapot press save say wait furniture load go allow traveler visit sweet hard worked mini game wait hour actually wifi weather completely fine
4.0,3,,positive,gripe actual lack skin surplus character feel kind lazy honestly release like entire year major event like lantern rite help mod skin end get ban restrict like skin compare total number character usually irrelevant character like
3.0,2,,negative,love game story thing disappointed story birthday nahida character voice speak need read talk disappointing character voice conversation kinda annoying fix immediately appreciate story game
1.0,7,,negative,thank fix game buut time quest play real story add like button need quest try buy thing card work thing bring
5.0,0,,positive,wow great game play game year enjoy like open world free game game play month free buy monthly welkin wish buy soon cost effective deal think mihoyo allow new user able buy month previous month welkin make purchase think korean game voice actor good like open world game game worth try
3.0,0,,negative,game good lack control control overy character deficult execute proper combo miss click etc hope add controller support android io well experience handle character
2.0,2,,negative,update game lose account m able log week update game try send email genshin respond play year dollar account go recommend buy game waste time
5.0,0,,positive,worth update play potato phone long mondstadt fontaine work total fine exspect natlan crash soo enter carshs play religion smooth natlan demand stack expensive medium play
4.0,1,,positive,believe well reward possible consider reduce pity rate free play player fan eula feel like long wait play begin overall good game
5.0,0,,positive,game pretty good place character quest interesting will quit game bug weird play genshin impact day normal quest start know npc character voice line miss fix bug pls love genshin impact
3.0,1,,negative,game nice good graphic fact need gb datum play insane amazed datum mobile game play android game like asphalt gangstar vegas game ask extreme datum download requirement
2.0,1,,negative,play year star time sooooo disappointing hour gameplay event achievement go progress star rating want
3.0,1,,negative,play problem happen problem game take space kick app reason tho admit graphic plot story good pretty good game consider laggy
5.0,5,,positive,update gi offer incredible open world recent story strong daily system improve reward engagement quest make easy use resin reward game big flaw continue painfully slow character building process story pacing prevent fast reader bored event content quickly dialogue skip qol think gi continue great title
5.0,1,,positive,good game play phone worth bit storage take phone good story graphic quest character think download game thing regret download game good character standard character gaming experience notch
3.0,3,,negative,ok get bit well release shall quality improve quality great especially competitor market content feel stale need endgame activity weekly reward allow chance favourite character like certain weekly exploration abyss activity sort like hoyo game own
5.0,0,,positive,understand people hate game play game patch time suppose people follow like sheep game nice chance play long improve update listen fandom time game like exploration coop main story cook visual novel
4.0,5,,positive,play game beginning good play story character good combat super fun game exhausting spend hour save currency character wish reward
5.0,4,,positive,notice lot star review decide star think game great getting bore simply break like story world game music unreal casual player appreciate get stuff hard thank make game
5.0,1,,positive,blast play genshin gorgeous graphic entice storyline love aspect game suggest skip dialogue button story memorize point highly recommend game casual hardcore gamer recommend game gam creator like honkai star rail extremely fun entertaining game
5.0,2,,positive,love game fun story quest love game scenery character small issue lag mobile user understandable good game play deserve star rating help people understand thing real life recommend play
1.0,32,"{'title': 'COGNOSPHERE PTE. LTD.', 'snippet': 'We sincerely apologize for this issue, Traveler. Please send us an email or contact Customer Service via in-game feedback for specific help with this issue.', 'date': 'October 21, 2024', 'iso_date': '2024-10-21T09:37:59Z'}",negative,insane boring dialogue skip add skip button seriously literal gameplay min dialogue min listen boring talk tap screen life skip dialogue add skip button
5.0,0,,positive,finally hoyo start listen player lot qol change focus have fun spend time repetitive nonsense like daily abyss run shorter afford generous freebie consider game make deserve star fun natlan far qol change screw thing
5.0,0,,positive,tho play old budget phone game beautiful loading kinda fast new update love change suddenly app get crash little time try reinstall result focus low end device like give opt change rendering distance smth like
4.0,0,,positive,game pretty good downside big game load hard player currency game game beautiful interesting deep plot wish little easy overall
4.0,0,,positive,easy story character puzzle sooo good thing hate lack free reward compare game game feel soo dry lazy player like force grind character want community good player toxic
1.0,54,"{'title': 'COGNOSPHERE PTE. LTD.', 'snippet': 'Thank you for your constant support of Genshin Impact. We welcome any valuable input from you. If you have any comments or suggestions you would like to share, please feel free to contact our Customer Service team via the in-game feedback channel or email to help us improve the game.', 'date': 'August 18, 2022', 'iso_date': '2022-08-18T09:22:23Z'}",negative,update oct not use google point pc purchase battle pass update save wish week not banner character game overall fun limited grind character wish expensive limitation gatcha game probably friend end play long period time original like needy controller support droid user
5.0,2,,positive,dear hoyoverse enjoy game fun lot puzzle deal mention boss enemy love character story hope mic party talk texte friend fun speak friend game
4.0,0,,positive,play game release multiple device edit game multiple time game amazing open world amazing character black character skin color light tone npc yes game good fix character actually need melanin
5.0,0,,positive,time addict game like perfeeect quality game character music view quest world animation literally awesome highly highly recommend game d
4.0,3,,positive,bad experience old phone z fold amazing usually play pc phone wish file phone allow change controll use wireless keyboard mouse fold fun accept control currently not recognize available control game reason try racing game wasd control work
5.0,0,,positive,bro tell like game good play graphic story well people take storage developer solve problem delete old quest helpful low end device
4.0,0,,positive,want world popular game add player vs player function want kill beast monster bcz boring fight againt monster game animation fighting system u add player vs player function boom game week want fair fight s possible fight againt real player add function meed change enable pvp game player fight
4.0,12,,positive,good graphic experience task interesting excellent know phone problem game problem new phone large storage space week open game open show game bug check thing awesome
2.0,1,,negative,fun game take way storage nice skip dialogue not problem mean nice primogem easy s
2.0,8,,negative,new reward story quest long dialouge option character story quest character main random npc waste hour quest feature banner unit basic npc reward give exploration story quest drivel aside archon quest way alt tab random option dialouge force input infuriating
5.0,0,,positive,honestly hate game cringe player stuff bad actualy quest stuff keep motivated play literaly get rank Ã®n day discoverd like part map
5.0,14,,positive,genshin impact completely redefine expect open world rpg stunning visual pair expansive world life moment game feel like work art character design gorgeous feel unique personality combat style offer endless possibility team composition
5.0,1,,positive,nice game buy welkin week hu tao fund see game think graphic fake game truly amaze music character scenery thank wonderful game hoyoverse truly life well happy natlan update believe play game year genshin truly life well
5.0,1,,positive,m wait forever start long update omg long conversation sooo stupid enemy impossible defeat screen unstable specially compat bcz camera ancle unstable difficult compat game soooo f king stressfull waste time
4.0,0,,positive,star bug accure world quest pop bring near impossible puzzle solve right start want clear quest list like organized person like thing chapter v natlan archon quest chapter l liyue reach chapter iv fontaine dock occupy quest natlan goodbye fontaine enter
4.0,0,,positive,play genshin year laptop problem recently get new phone hv alt acc europe server tend switch account switch europe server need download extra resource download europe server automatically download asia server main acc download new quest wait download
1.0,0,,negative,like game graphic laggy chance get star charcater low begginer pkayer spend primogem end waste suggest increase character drop release star character that
3.0,1,,negative,omg nice game great animation amazing character leisurely nature sound like omg saurrrrr gooood suddenly today october genshin impact stop say genshin impact close app bug try update app developer provide fix error s fix asap nahida bday quest complete quest pleaseeee fix asap great game tbh give error
3.0,2,,negative,right date gameplay voice character dialog lazy add company make billion deliver voice line recommend game beautiful ton content definitely like care little game
5.0,3,,positive,love game character design beautiful story amazing world stunning issue run mobile take space amazing game
5.0,360,,positive,play game year experience player go gameplay good easy understand elemental reaction easy remember accommodate storyline plot good character pretty write love detail people know experience glitch fix time overall highly recommend game fun great time pass bored
4.0,5,,positive,anime inspire game play fine care individual wish free play open chest quest end basically character design nice diversity especially skin tone well pay expensive afford feel sad get character like
2.0,1,,negative,problem message come insufficient storage enter load datum message keep pop say storage try leave relogge work
3.0,2,,negative,understand character late archon quest birthday celebration anecdote voiceless awkward embarrassing paimon have voice time hope hoyoverse change future normalize issue sure player amuse
5.0,0,,positive,use fix artifact system rng overall game solid character story fantastic music life change combat varied flexible exploration fun plus get ton qol improvement year great thing well
5.0,0,,positive,game good addicted explore play friend lot go game wish add feature like edit traveler look think game stand
5.0,1,,positive,amazing absolutely adore genshin impact start play month ago completely obsess storyline game play graphic character reward etc fantastic fact go create account replay game beginning actually know wish game forever look play game similar good genshin thank hoyoverse gem
1.0,56,,negative,stay away game yrs come end worth find today grind character weapon artifact talent need money area room require resin level drop item guarantee defeat boss sad bcuz pride play game end worth game
